address,price,size
3501 E 15th St Lot 12,20000,0.25
2406 E 10th St Lot 24,25000,0.25
2901 26th St W Lot 10,23700,0.25
758 Barnum Ave S Lot 24,24900,0.25
601 Columbus Blvd S Lot 1,29900,0.25
1233 Garibaldi St E Lot 20,22500,0.29
303 Yates Ave S Lot 4,30000,0.28
1269 Naples Ave S Lot 3,34900,0.25
3413 37th St SW Lot 5,34900,0.25
3002 36th St W Lot 11,109900,0.25
1005 W 18th St Lot 1,17000,0.25
2608 33rd St W,31000,0.25
341 Naples Ave S Lot 4,27500,0.27
339 Naples Ave S Lot 3,29500,0.27
645 Columbus Blvd S Lot 8,24500,0.25
3201 52nd St W Lot 13,23900,0.25
551 Aspen Ave S Lot 19,27500,0.27
2512 48th St W Lot 14,27500,0.25
3414 74th St W Lot 18,24000,0.25
133 Nectar Ave S Lot 5,15000,0.25
133 Navaho Ave S Lot 5,15000,0.26
1868 Mettler Ave Lot 2,18000,0.26
907 Unice Ave N Lot 16,47990,0.29
2172 Winnetka Dr Lot 18,22000,0.27
1870 Mettler Ave Lot 3,18000,0.26
1062 Beggs St E Lot 3,15000,0.26
1233 Cumming St E Lot 29,18000,0.27
3010 37th St W,35000,0.25
861 Belden Ave Lot 7,18000,0.26
3306 40th St W,35000,0.25
130 Fox Ave S Lot 11,18000,0.28
4603 Sally Ave N Lot 3,26900,0.25
1144 Mobley St E Lot 4,18000,0.27
1140 Rosita St E Lot 4,18000,0.25
1142 Rosita St E Lot 5,18000,0.25
Corner Lot 26,18000,0.26
3008 37th St W,35000,0.25
2907 57th St W Lot 3,18000,0.25
2708 9th St W Lot 15,30900,0.25
2706 9th St W Lot 14,30900,0.25
7503 Rita Ave N Lot 3,29900,0.25
3734 15th St W Lot 20,30900,0.25
7502 Sally Ave N Lot 2,29900,0.25
3608 57th St W Lot 11,15000,0.25
673 Kodak St Lot 3,15000,0.26
1137 Copley St E Lot 14,21900,0.25
2803 68th St W Lot 3,34000,0.25
2618 66th St W Lot 20,19900,0.25
2918 10th St W Lot 20,23400,0.25
3306 E 9th St Lots 03 & 024A,24900,0.25
3018 12th St W,27999,0.25
3704 Dora Ave N Lot 35,21900,0.26
2507 75th St W Lot 4,20300,0.25
1031 Eubanks St Lot 10,18000,0.28
808 Gillian Ave,30000,0.27
3007 49th St W Lot 7,22100,0.25
801 Grenada Ave,30000,0.3
843 Downer Ave S Lot 1,25500,0.28
2710 62nd St W Lot 16,23000,0.25
945 Ainsworth St W Lot 23,35000,0.29
497-499 Loretta Ave S Lot 16,74900,0.27
3507 72nd St W Lot 2/5,33900,0.25
845 Downer Ave S Lot 2,25500,0.26
2503 21st St W Lot 9,25000,0.25
967 Kellogg St E Lot 7,20900,0.25
4116 18th St SW Lot 19,27900,0.25
4315 9th St SW Lot 1,38900,0.25
3505 59th St W,18500,0.25
3406 8th St SW Lot 19,37500,0.25
1210 Ravenswood St E,21000,0.29
1135 Belgrave St Lot 18,29900,0.25
1849 Welk St,24900,0.26
5905 Sunshine Blvd N Lot 6,19900,0.28
969 Kellogg St E Lot 6,27500,0.25
4205 14th St SW,32000,0.28
4622 Gene Ave N Lot 5,19900,0.3
527 Naples Ave S Lot 9,27500,0.27
336 Paisley Ave Lot 8,24900,0.28
3002 45th St W,25500,0.25
536 Parker Ave S Lot 20,25000,0.26
453 Greenbriar Blvd Lot 30,23500,0.29
3414 63rd St W,20500,0.25
105 Natick Ct Lot 23,20000,0.25
190 Victoria Ave S Lot 25,26000,0.27
1038 Bassinger Ave S Lot 4,19900,0.26
3002 45th St W,25500,0.25
3414 63rd St W,20500,0.25
2806 57th St W Lot 14,19000,0.25
536 Parker Ave S Lot 20,25000,0.26
3002 73rd St W Lot 9,15000,0.25
141 Nassau Ave S,24900,0.29
453 Greenbriar Blvd Lot 30,23500,0.29
168 Alton Ave Lot 10,15900,0.28
1041 Gladys St Lot 29,27500,0.25
519 Nimitz Blvd Lot 9,19900,0.28
4601 Joan Ave S Lot 1,34900,0.25
1032 Kanuga St E Lot 43,27500,0.25
3402 49th St W Lot 12,17500,0.25
2620 38th St W,19900,0.25
519-521 Meadow Rd,39990,0.29
4603 Jane Ave N,25500,0.25
133 Fox Ave S,19900,0.26
2509 27th St SW,40000,0.26
862 Chicago St E,22900,0.25
904 W 17th St,39900,0.25
3206 E 15th St,22900,0.25
136 Napier Ave S,22900,0.28
729 Genoa Ave S Lot 8,24900,0.27
129 Fox Ave S Lot 6,50000,0.26
138 Auburn Ave S,30000,0.26
3125 73rd St W Lot 3,14900,0.25
3009 19th St W Lot 6,22500,0.25
2513 75th St W Lot 1,14900,0.25
1803 E 5th St Lot 15,18000,0.25
1142 Rambler St E Lot 7,16000,0.26
941 Elgin St Lot 25,18000,0.26
133 Nacelle Ave S Lot 5,15000,0.26
3300 74th St W Lot 11,17000,0.26
2819 1st St W Lot 13,27000,0.29
5137-5139 30th St SW Lot 9,40000,0.28
1020 Carroll St E Lot 3,18000,0.26
425 Scottsdale St Lot 20,14900,0.28
4002 E 9th St,17500,0.25
2703 58th St W Lot 9,25000,0.25
4757-4759 22nd St SW Lot 11,47000,0.29
4113 19th St SW Lot 4,26000,0.25
4854-4856 Golfview Blvd Lot 71,47900,0.29
3704 E 18 St Lot 24,19900,0.25
136 Auburn Ave S,28000,0.26
131 Navy Ave S,25000,0.26
224 Columbus Blvd,21900,0.27
1147 Rachel St E,37900,0.26
2719 67th St W Lot 1,19000,0.25
144 Columbus Blvd S Lot 12,24000,0.26
135 National Ave S Lot 20,22000,0.26
558 Aspen Ave S Lot 11,19200,0.28
787 Bobolink Ave,40000,0.29
941 Alcalde St E Lot 12,19000,0.26
916-918 Countess Ave Lot 15,45000,0.29
1108 Morton St E,22500,0.25
3300 SW 9th St,34000,0.25
2103 E 6th St Lot 12,24900,0.25
130 Corry Ave S Lot 11,24900,0.26
334 S Brook Ave,39999,0.3
2519 58th St W Lot 3,19000,0.25
1253 Songbird St,23000,0.27
1138 E Rambler St,25900,0.26
102 Navy Ct,21900,0.3
3500 E 18 St Lot 1,18675,0.25
237 Bowman Ave S,29900,0.26
319 Pullman St,25000,0.26
1132 Cumming St E Lot 2,26000,0.26
236 Napper Ave S Lot 13,25000,0.26
1230 Ramus St E Lot 15,32000,0.3
1134 Cumming St E Lot 3,26000,0.25
557 Bourse Cir,30000,0.25
1119 Cumming St E Lot 18,31000,0.28
1815 Lockhaven Ct Lot 2,19900,0.27
229 Beckley Dr Lot 10,25000,0.26
406 Fernwood Ave S Lot 10,24500,0.29
385 Chamonix Ave S Lot 32,30000,0.29
6154 Laurelwood Dr,33000,0.27
3604 50th St W Lot 10,16900,0.25
241 Narthex Ave S Lot 6,15900,0.26
3805 E 8th St Lot 13,18000,0.25
736 Ashland St E Lot 10,29900,0.26
1157 Barfield St E,30000,0.27
101 W 14th St,18000,0.25
372 Clairidge Cir Lot 6,25000,0.26
3311 74th St W Lot 5,25000,0.25
206 Hagan Ave Lot 22,25000,0.29
2613 73rd St W Lot 4,18900,0.25
665 Dauphine Ave S,39000,0.27
1108 Grant Blvd Lot 10,25000,0.26
937 Grant Blvd Lot 13,25900,0.27
"Lehigh Acres, FL 33974",25000,0.26
483 Willowbrook Dr Lot 6,20000,0.28
1122 Artic St E Lot 10,29000,0.27
1246 Randolph St E,24900,0.3
870 Sunrise Blvd,31000,0.26
2568 25th St W,25000,0.25
519 Alabaster St Lot 8,21900,0.28
720 Ashland St E Lot 9,19000,0.26
657-659 Chattman St E Lot 21,65000,0.28
3111 17th St W,20000,0.3
351 Rawlings Ave Lot 10,37000,0.28
1060 Minerva Ave S Lot 32,30000,0.25
1249 Buell Ave,33000,0.26
2506 E 14th St Lot 24,18900,0.25
865 Burnett Ave,13500,0.29
510 Kimberly Ct Lot 21,32900,0.3
1214 Raphia St E,23900,0.26
1041 Anderson St Lot 59,25000,0.26
1036 S Bradshaw Ave,20000,0.27
1209 Rosita St E,29450,0.28
1148 Bayliss St E Lot 8,29900,0.26
1210 Raines St E,29450,0.28
1117 Belgrave St,18000,0.25
232 Norris Ave S Lot 13,25000,0.26
239 Andalucia Ave S Lot 10,23000,0.26
912 Meadow Rd,600000,0.29
704 W 18th St,25000,0.25
2521 54th St W Lot 1,19000,0.25
310 Petite Ave Lot 11,35000,0.28
210 Nashville Ave S Lot 27,25000,0.27
900 E 14th St,18000,0.25
1303 Ann Ave N Lot 6,19500,0.25
2803 E 13th St Lot 12,17900,0.25
538-540 Nimitz Blvd Lot 4,42500,0.28
3310 1st St SW Lot 1,37000,0.3
3310 1st St SW Lot 1,37000,0.3
1127 Cove St E Lot 18,20125,0.26
1036 Nimitz Blvd Lot 12,19000,0.27
949 Pilgrim St E,25800,0.26
1238 E Ramus St E,30000,0.26
1903 Trudy St,25000,0.27
332 Lanford Ave S,23500,0.26
2601 13th St SW Lot 10,30000,0.26
428 Pinafore Ave Lot 15,28000,0.27
1063 Sunrise Blvd Lot 13,36000,0.27
1048 Candlelight Dr,21900,0.26
1860 Maiden St Lot 7,21900,0.26
1021 Lakeside Dr Lot 9,18500,0.26
Corner Lot,32000,0.27
733 Goldrock Rd Lot 1,25000,0.26
1866 Maurice Ave Lot 4,34000,0.25
738 Goldrock Rd Lot 3,24500,0.27
434 Jaguar Blvd Lot 10,23000,0.26
7502 Alyne Ave N Lot 1,25000,0.26
1135 Ramose St E Lot 27,21000,0.26
310 Briggs Ave S,21000,0.25
3106 E 23rd St Lot 24,19900,0.25
742 Columbus Blvd S,20800,0.27
3319 75th St W,33900,0.25
3503 59th St W,17000,0.25
113 Theodore Vail St E Lot 16,30000,0.26
4441-4443 24th St SW Lot 3,59900,0.3
3413 70th St W Lot 4,25000,0.25
3102 Nora St W Lot 12,22000,0.29
413 Pickford Ave,35000,0.28
2604 26th St W Lot 13,32000,0.25
934 Grant Blvd,25000,0.25
389 Pennfield Ave Lot 6,30000,0.26
6001 Vera Ave N Lot 5,30000,0.27
1209 Grant Blvd,27000,0.26
326 Nathan Ave Lot 14,24000,0.25
3318 9th St SW Lot 20,39900,0.25
1801 E 10th St,17000,0.25
2508 SW 9th St,30000,0.26
3417 71st St W Lot 2,25000,0.25
2603 53rd St SW Lot 9,50000,0.25
827 Carpenter St E Lot 22,25000,0.25
712 Kalamar Dr Lot 10,19800,0.27
1958 Latham Ct Lot 6,18500,0.25
2800 64th St W,22000,0.25
646 Cane St E Lot 19,23000,0.25
4227 E 24th St Lot 27,18000,0.28
735 Central St E Lot 14,23997,0.25
2700 19th St W Lot 11,68900,0.25
3409 62nd St W Lot 6,29900,0.25
823 Gillian Ave,29990,0.29
848 Downer Ave S Lot 9,35000,0.25
917-919 Jaguar Blvd,46500,0.29
1103 E 7th St Lot 12,25000,0.25
1109 Sunrise Blvd,25000,0.26
806 Grenada Ave Lot 17,29000,0.26
350 Selkirk Ave Lot 25,19900,0.26
935 Asther St E,25900,0.27
817 Appleton Ave Lot 37,21900,0.28
861 Bancroft Ave Lot 7,17500,0.26
105 E 13th St Lot 13,29000,0.25
3306 64th St W Lot 14,27000,0.25
1244 Randolph St,24900,0.25
310 Labree Ave S Lot 6,30000,0.26
105 E 16th St,17000,0.25
1842 Mayberry Dr Lot 6,22500,0.27
230 Columbus Blvd,40000,0.28
2503 E 16th St Lot 12,15500,0.25
2100 W 15th St,19900,0.25
3315 63rd St W Lot 3,25000,0.25
2617 75th St W Lot 2,22000,0.25
227 Narcissus Ave S Lot 7,25000,0.28
3410 37th St SW Lot 17,33900,0.25
235 Euphrates Ave S Lot 7,23000,0.26
3316 58th St W Lot 19,22000,0.25
852 Oakridge Ave S Lot 7,35000,0.29
1200 W 18th St Lot 2,20000,0.25
2501 E 16th St Lot 12,15500,0.25
4504 5th St W,49000,0.25
4507 E 9th St Lot 13,18000,0.25
324 Lenz Ave S,24900,0.28
5040/5042 Centennial Blvd Lot 5,65999,0.29
1202 E 9th St Lot 1,22900,0.25
1237 Ramus St E,35000,0.25
5048/5050 Centennial Blvd Lot 3,65999,0.28
223 Columbus Blvd S,25000,0.26
846 Downer Ave S Lot 10,25000,0.25
3010 64th St W Lot 17,25000,0.25
203 W 10th St Lot 24,24900,0.25
1040 Barcelona St E Lot 5,23000,0.26
851 Belden Ave Lot 2,36000,0.25
3403 37th St SW,35000,0.25
3308 41st St SW,20000,0.25
3405 73rd St W Lot 8,25000,0.25
824 Chemstrand St E,25000,0.25
2508 64th St W Lot 13,16000,0.25
3013 73rd St W Lot 1,27000,0.25
508 Genoa Ave S Lot 5,18000,0.25
3219 65th St W,25000,0.25
857 Adler St E Lot 9,27900,0.26
609 Pelee Ave Lot 18,27500,0.27
2909 Gene Ave N Lot 15,29900,0.26
2601 53rd St SW Lot 10,65000,0.25
322 Truman Ave Lot 1,20000,0.26
1043 Asther St E Lot 4,18500,0.29
3105 W 71st St,25000,0.26
483 Greenbriar Blvd,22500,0.28
446 Westchester Dr Lot 1,24900,0.27
4104 E 9th St Lot 24,32000,0.25
1034 Bradshaw Ave S Lot 2,25000,0.28
623 Wellington Ave Lot 24,23000,0.25
437 Conlee St Lot 1,23000,0.26
348 Pyramid Ave Lot 7,28000,0.29
486 Westchester Dr,22500,0.28
3407 73rd St W Lot 7,25000,0.25
3514 57th St W Lot 17,20000,0.25
918 Broad St E Lot 2,25000,0.27
4458/4460 29th St SW Lot 44,69900,0.3
3801 E 7th St Lot 12,25000,0.25
428 Burrstone Dr Lot 1,23000,0.26
2606 71st St W,14900,0.25
149 Pageant St Lot 7,30000,0.29
4417 Lee Blvd Lot 39,80000,0.25
822 Chemstrand St E,25000,0.25
2816 21st St W,30000,0.25
4413-4415 25th St SW Lot 12,67500,0.3
941 Belmont St E Lot 15,25000,0.26
3309 64th St W Lot 6,27000,0.25
3121 71st St W Lot 5,25000,0.25
709 Worth Ave Lot 1,24900,0.27
2605 73rd St W Lot 8,27000,0.25
3304 52nd St W,41000,0.25
3129 71st St W,22900,0.25
4419 Lee Blvd Lot 6,80000,0.25
5237-5239 27th St SW,53000,0.28
440 Parkdale Blvd,22000,0.28
3605 57th St W Lot 4,19500,0.25
4244 E 24th St Lot 2,33000,0.29
3205 Nora Ave S Lot 12,32000,0.27
3115 13th St SW Lot 2,29900,0.25
3203 Nora Ave S Lot 13,32000,0.27
638 Parker Ave S Lot 14,23000,0.27
5104 Anita Ave N Lot 13,25000,0.27
2903 70th St W Lot 7,20000,0.25
3107 W 71st St,25000,0.26
3107 75th St W Lot 4,21900,0.25
3501 58th St W,22900,0.25
3221 16th St SW,28000,0.25
2502 55th St SW,30000,0.25
3419 72nd St W,24900,0.25
2711 68th St W,17000,0.25
1610 Hibiscus Ave,41000,0.26
805 W 18th St,29000,0.25
3114 12th St SW Lot 17,36800,0.25
717 Devon St Lot 12,24900,0.26
3302 9th St SW Lot 12,35000,0.25
1125 Sunrise Blvd,20500,0.27
Corner Lot 9,25000,0.26
405 Paddock St,22900,0.28
2700 69th St W Lot 11,25000,0.25
2506 34th St W Lot 15,28000,0.29
938 Bolivia Dr Lot 10,19900,0.26
4212 14th St SW Lot 17,30000,0.25
340-342 Harry Ave S,65000,0.29
5044/5046 Centennial Blvd Lot 4,65999,0.28
702 Irving Ave N Lot 2,35000,0.26
1044 Sunrise Blvd,23000,0.26
712 Crestline Ave S Lot 18,22500,0.27
3209 64th St W Lot 6,25000,0.25
712 Crestline Ave S Lot 18,22500,0.27
5036/5038 Centennial Blvd Lot 6,65999,0.28
4415 Lee Blvd Lot 8,150000,0.25
3010 63rd St W,41000,0.25
328-330 Gordon Ave S Lot 8,90000,0.29
800 W 18th St Lot 2,24900,0.25
2612 26th St SW Lot 17,27000,0.25
3607 50th St W Lot 4,19500,0.25
901 Foxdale Ave Lot 62,23900,0.26
2602 26th St W Lot 12,30000,0.25
1867 Maiden St Lot 15,25000,0.25
3502 36th St SW Lot 9,32900,0.25
"Lehigh Acres, FL 33974",25000,0.26
539 Long Island St E Lot 18,32900,0.25
3728 Lee Blvd Lot 17,75000,0.25
3507 71st St W Lot 5,34900,0.25
187 Herndon Ave Lot 7,24000,0.25
"Lehigh Acres, FL 33974",25000,0.25
3309 24th St SW Lot 6,29900,0.26
108 Orkney Ct Lot 8,29900,0.29
743 Worth Ave Lot 9,26000,0.25
2901 49th St W Lot 10,25000,0.25
1241 Earnest St E Lot 14,37800,0.28
3016 61st St W Lot 20,22500,0.25
3505 62nd St W Lot 8,23000,0.25
3112 12th St SW Lot 16,36800,0.25
1125 Copley St E Lot 150,19900,0.26
6012 Hanna Ave N Lot 2,21900,0.26
2520 74th St W,22000,0.25
634 Cane St E Lot 25,30000,0.29
6003 Elaine Ave N,20800,0.26
104/106 Ichabod Ave Lot 7,69900,0.3
4203 E 10th St,29000,0.25
153 Columbus Blvd Lot 7,21900,0.29
3605 42nd St SW,24900,0.26
3410 32nd St W Lot 29,45000,0.3
4604 Queen Ave N Lot 2,23900,0.25
853 Belden Ave Lot 3,36000,0.26
2703 37th St SW Lot 6,29999,0.25
3002 29th St SW Lot 12,35000,0.25
2106 W 17th St Lot 10,27000,0.27
2615 62nd St W Lot 3,25000,0.25
1040 Alabama Rd S Lot 10,40000,0.26
3903 Leeland Heights Blvd E Lot 12,25000,0.25
705-707 Gilbert Ave S Lot 23,70000,0.29
2612 43rd St W,43000,0.25
3614 41st St SW,35000,0.25
741 Sunrise Blvd Lot 13,22500,0.27
237 Andalucia Ave S Lot 9,23000,0.26
5900 Unice Ave N Lot 1,25000,0.25
1014 Asther St E,19000,0.26
649 Whitmore Loop Lot 5,23500,0.27
658 Valley Ave Lot 12,27000,0.3
3507 39th St SW,35900,0.25
616 Eisenhower Blvd,20000,0.26
4200 E 18th St,16999,0.25
3612 41st St SW,35000,0.25
418 McClure St Lot 7,29900,0.27
4712 3rd St W,35000,0.25
808 Nimitz Blvd Lot 4,18000,0.26
615 Delmonico St,27000,0.3
6038 Houston Ave Lot 6,35000,0.29
1822 Styles Ct Lot 8,36500,0.26
524-526 Knapp St Lot 1,34000,0.29
3509 39th St SW Lot 3,26500,0.25
445 Boleyn Cir Lot 10,49000,0.27
120 Dexter Ave S Lot 14,21900,0.29
1839 Lockhaven Ct,23900,0.28
5313 3rd St W Lot 4,33333,0.26
3805 34th St SW,27000,0.25
1104 W 18th St Lot 1,25000,0.25
607 S Pelee Ave Lot 4,25000,0.27
2105 E 11th St Lot 13,27900,0.25
6002 June Ave N,25000,0.26
561 Thomas Sherwin Ave S,41000,0.25
327-329 Ivan Ave S Lot 7,90000,0.28
2601 Irma Ave N,25000,0.29
2519 71st St W,30000,0.25
6002 Pat Ave N Lot 5,19000,0.26
5035/5037 Benton St Lot 7,65999,0.28
1009 Legion Ave Lot 1,22000,0.27
3421 55th St W Lot 1,22500,0.25
3400 61st St W,22900,0.25
1700 E 11th St,21900,0.25
406 W 18th St Lot 1,28500,0.25
739 Halsey Ave Lot 7,35000,0.27
3320 31st St W Lot 6,26500,0.27
903 Sunniland Blvd Lot 11,30000,0.29
2900 71st St W,15000,0.25
1864 Maurice Ave Lot 5,38000,0.26
2618 14th St W Lot 20,24999,0.25
1402 W 17th St Lot 11,22900,0.25
340 Nathan Ave,25000,0.26
721 Balsam Ave Lot 5,29000,0.26
"Lehigh Acres, FL 33972",35000,0.28
3400 69th St W Lot 11,29900,0.25
304-306 Gordon Ave S Lot 2,65250,0.29
813 Bently St E,25900,0.26
1830 League Ave,24900,0.25
2810 6th St SW Lot 16,27900,0.26
752 S Goodrich Ave,23500,0.25
306 Tyrone Ave,30000,0.27
2710 21st St W,23000,0.25
3701 N June Ave,64990,0.25
4007 3rd St W Lot 7,35000,0.25
4705-4707 27th St SW Lot 15,55000,0.29
2604 14th St SW Lot 13,25000,0.25
3002 16th St W Lot 9,25000,0.25
405 Greenbriar Blvd Lot 13,40000,0.3
4006 E 13th St,20900,0.25
499 Willowbrook Dr Lot 14,24000,0.28
837 Runble St E Lot 9,23000,0.27
3512 69th St W,41000,0.25
926 Brainard St E Lot 6,25000,0.29
3602 65th St W Lot 12,30000,0.25
2704 24th St W Lot 13,27900,0.25
3815 38th St SW,26000,0.25
924 Brainard St E Lot 5,25000,0.29
3602 66th St W Lot 12,30000,0.25
4711 Nora Ave S Lot 6,35000,0.29
478 Westchester Dr,22500,0.28
2710 53rd St W Lot 16,22000,0.25
4876-4878 24th St SW Lot 19,55000,0.28
1232 Cellini St E,21900,0.3
2601 73rd St W,22900,0.25
744-746 Ivan Ave S Lot 30,69990,0.29
3201 22nd St W,41000,0.25
3314 20th St SW Lot 18,32999,0.25
1210 Sentinela Blvd,24995,0.28
370 Nutmeg St Lot 8,29900,0.26
4114 20th St SW Lot 18,38000,0.25
864 Burrows Ave,13500,0.3
3012 70th St W,22900,0.25
645 Nimitz Blvd Lot 30,25000,0.26
3712 41st St SW,35500,0.25
3510 55th St W Lot 15,19000,0.25
4752-4754 15th St SW Lot 26,89990,0.29
2600 22nd St W Lot 11,28900,0.25
715 Devon St E Lot 13,14800,0.26
3415 56th St W Lot 4,25900,0.25
3410 10th St SW Lot 16,29900,0.25
607 E 8th St,18000,0.27
2805 39th St SW Lot 8,30000,0.25
701 Carbon St E,24990,0.29
837 Foxtail St Lot 26,25000,0.29
4615 Lee Blvd Lot 2,69900,0.25
465 Woodman Dr Lot 2,18500,0.27
1207 W 18th St Lot 1,27500,0.25
423 Greenbriar Blvd Lot 4,40000,0.28
3613 73rd St W,22900,0.3
1122 Craft St E,20000,0.25
2200 Loraine Ave S Lot 10,27900,0.28
322 Jackson Ave Lot 1,25900,0.28
1204 Sunrise Blvd,19900,0.27
482 Westchester Dr,22500,0.29
1510 Unice Ave S Lot 9,27900,0.26
501 Willowbrook Dr Lot 15,21500,0.28
3413 59th St W Lot 5,20000,0.25
2808 66th St W Lot 15,24900,0.25
1066 Andalucia Ct,29995,0.28
3907 32nd St SW Lot 8,35000,0.25
1603 E 14th St Lot 12,15000,0.25
341-343 Rockland St,39900,0.29
1404 W 17th St Lot 10,22900,0.25
2705 68th St W Lot 2,19999,0.25
4502 E 7th St,25000,0.25
505 Kilgour Ave S,24900,0.25
"Lehigh Acres, FL 33972",23500,0.25
505 Kilgour Ave S,24900,0.25
3017 48th St SW Lot 3,56000,0.25
3105 11th St SW Lot 7,27900,0.25
1408 E 5th St Lot 4,23900,0.25
1831 Styles Ct,21900,0.27
2604 54th St SW Lot 13,50000,0.25
3602 63rd St W Lot 12,29900,0.25
3912 26th St SW Lot 15,39900,0.25
3003 75th St W,20000,0.25
833 Giorgio Ave S Lot 1,24999,0.26
5514 Berryman St Lot 10,50000,0.29
4215 18th St SW Lot 4,35000,0.25
3610 48th St W Lot 16,18990,0.25
3501 3rd St SW,38900,0.26
686 Ledge St Lot 1,17000,0.3
2526 70th St W,22900,0.25
3604 63rd St W Lot 13,29900,0.25
757 Burke Ave,17900,0.26
323 Moore Ave Lot 24,24999,0.25
3227 56th St W Lot 4,16000,0.25
4853-4855 30th St SW Lot 13,75000,0.28
3105 20th St W Lot 5,33000,0.25
1851 Octavia St Lot 5,18500,0.28
1245 Rake St E,23500,0.26
1704 Venice Ave N Lot 8,30000,0.29
2501 E 15th St Lot 12,18000,0.25
522 Alabaster St Lot 5,20000,0.25
2911 49th St SW Lot 4,35000,0.25
837 Porter St E Lot 19,23400,0.27
4857/4859 30th St SW Lot 14,78900,0.29
6007 Sara Ave N Lot 9,14900,0.25
2806 66th St W Lot 14,24900,0.25
4653-4655 27th St SW Lot 3,69900,0.29
646 Stanwin Loop Lot 4,24000,0.27
2816 72nd St W,25500,0.25
4519 4th St W Lot 1,40000,0.25
835 Giorgio Ave S Lot 2,29900,0.25
4468-4470 30th St SW Lot 35,59900,0.27
2910 67th St W,23000,0.25
752 Ashland St E,41000,0.27
3907 E 15th St Lot 13,17000,0.25
3907 E 15th St Lot 13,17000,0.25
3003 1st St W,35000,0.28
2707 21st St W Lot 7,19495,0.25
644 Stanwin Loop Lot 5,24000,0.27
3010 24th St W Lot 16,30000,0.25
707 Delridge Ave S,37900,0.27
615 Clancy St E Lot 22,17900,0.29
213 Thornton Ave S Lot 1,25900,0.28
2910 58th St W Lot 12,24000,0.25
5240/5242 29th St SW Lot 11,69900,0.3
2702 E 14th St,21900,0.25
457 Burrstone Dr,29500,0.26
640 Jackie Ct Lot 11,15500,0.28
3724 Lee Blvd Lot 15,75000,0.25
3021 64th St W,23990,0.25
3413 29th St W Lot 18,29900,0.27
911 Countess Ave,20000,0.25
4705 Inez Ave S Lot 3,35000,0.28
762 Burke,37000,0.26
643 Whitmore Loop,23400,0.27
6156 Hughes Ave Lot 1,35000,0.29
904 W 10th St,15000,0.25
415 Tremaine St,22900,0.27
920 Alcalde St E,24900,0.26
760 Chelsea Ave S,41000,0.26
723 Ferndale Ave S Lot 8,25900,0.25
822 Appleton Ave,32000,0.27
2805 58th St W,29900,0.25
3314 4th St SW,42000,0.25
336 Pendleton Ave Lot 15,25000,0.29
4529-4531 25th St SW Lot 6,85000,0.29
3602 73rd St W,24900,0.25
2816 56th St W Lot 19,22000,0.25
3215 20th St W Lot 3,27900,0.25
4404 3rd St W Lot 8,38000,0.26
2903 51st St W Lot 9,35000,0.25
3609 51st St W Lot 3,19900,0.25
804 W 18th St Lot 1,18000,0.25
558 Sargent St Lot 12,18500,0.26
4307 E 19th St Lot 13,18900,0.25
181 Winton Ct Lot 9,18900,0.29
4222 E 25th St Lot 11,26000,0.28
209 Nansen Ave S Lot 2,17500,0.29
910 Sentinela Blvd Lot 3,20000,0.26
3606 54th St W Lot 10,18500,0.25
3718 20th St SW Lot 21,46000,0.25
2516-2518 Hawalaska St Lot 11,69999,0.3
1803 Tena Ave N Lot 18,29999,0.29
4101 20th St SW Lot 10,26900,0.26
3907 29th St SW Lot 1,26900,0.3
2246-2248 Fairway Dr Lot 12,69999,0.26
361 Paddock St Lot 12,24000,0.28
3008 16th St W Lot 6,25000,0.25
2804 10th St W,35000,0.25
3513 20th St SW Lot 5,28000,0.25
1119 Edelweiss St E Lot 12,19999,0.29
714 Bering Ave S Lot 19,17000,0.27
623 Delmonico St,27000,0.3
1122 Ramose St E Lot 1,17500,0.29
3734 Kemper St Lot 7,35000,0.26
2102 Robert Ave,24900,0.25
370 Pinehurst Ave Lot 11,22450,0.28
1115 Grant Blvd Lot 18,18900,0.26
1821 Laurie St Lot 6,25000,0.27
823 Porter St E,24900,0.26
724-726 Ivan Ave S Lot 35,47000,0.28
2724 7th St SW Lot 19,29500,0.25
1060 Beggs St E Lot 2,16500,0.25
1062 Belmont St E,25000,0.27
566 Cottonwood Ave S,41000,0.27
2708 41st St SW,38900,0.25
920-922 Ainsworth St W Lot 5,75000,0.29
234 Columbus Ave,25000,0.26
6059 Higgins Ave Lot 15,52999,0.3
3802 5th St SW,37500,0.25
4202 E 17th St Lot 1,18000,0.25
3100 E 11th St Lot 1,15000,0.25
3509 13th St SW Lot 2,32150,0.25
531 Louisville St E Lot 30,35000,0.28
211 Nebula Ave S,30000,0.26
3318 2nd St W Lot 20,29000,0.26
1109-1111 Harold Ave S Lot 22,49500,0.29
2714 54th St SW Lot 17,29900,0.25
3201 49th St W,22000,0.25
1152 Capri St E,35900,0.25
4103 E 20th St,20900,0.25
3319 23rd St W,25000,0.25
702 W 17th St Lot 11,25000,0.25
1049 Anderson St,19000,0.25
2103 Jefferson Ave,24900,0.25
3302 56th St W,22500,0.25
213 Nebula Ave S,30000,0.26
3700 37th St SW Lot 11,34900,0.25
1201 Sunniland Blvd,40500,0.29
145 Pine Ln Lot 12,49999,0.29
2601 38th St SW Lot 8,27900,0.25
5005 4th St W Lot 8,34900,0.26
3417 43rd St SW Lot 2,24000,0.3
306 Lakeridge Blvd Lot 24,20000,0.28
3017 39th St W,23900,0.3
1201 Damen St E Lot 1,34790,0.3
3200 49th St W Lot 11,21500,0.25
2157 Winnetka Dr Lot 22,18000,0.28
934 Binkley St E Lot 3,20000,0.26
331 Columbus Blvd S Lot 1,24500,0.27
6015 Rena Ave N Lot 7,19500,0.26
3116 49th St W Lot 17,16500,0.25
1866 Long Beach Dr Lot 19,39500,0.26
1249 Blaine Ave Lot 10,17000,0.26
433 Lackey Ave S Lot 5,18000,0.27
658 Stanwin Loop,28700,0.3
1010 Cresthaven,21600,0.28
4808 Lee Blvd Lot 10,85000,0.27
383 McArthur Blvd Lot 47,25900,0.29
2711 SW 18th Street Land SW,49999,0.25
2901 8th St SW,27777,0.25
3216 53rd St W Lot 12,24900,0.25
2600 62nd St W Lot 11,22500,0.25
704 Bently St E Lot 17,25000,0.27
305 Loire Ave S Lot 1,45000,0.28
640 Lydia St Lot 16,17000,0.26
2604 37th St SW,30000,0.25
1104-1106 Gilbert Ave S Lot 2,70000,0.29
53 Colin Ave S Lot 5,30000,0.26
1268 Hillcrest St E Lot 10,25000,0.28
2619 11th St SW,28900,0.25
1852 Montana St Lot 8,21700,0.27
2619 11th St SW,28900,0.25
1917 Miriam St Lot 7,24000,0.28
1620 Hibiscus Ave Lot 20,18900,0.26
3204 4th St SW,41000,0.25
1916 Mary Lee St Lot 6,24000,0.29
740 Asher St E,18000,0.25
711 Cadis St E Lot 1,30000,0.26
2713 56th St W Lot 4,26000,0.25
2901 Bassinger St Lot 21,20000,0.27
1114 Bayliss St E Lot 6,15000,0.25
53 Susan Ave S Lot 4,29000,0.26
663 Woodcrest Dr,22500,0.26
3416 13th St W,35900,0.29
3715 3rd St SW Lot 6,27988,0.25
5514 Banning St Lot 10,60000,0.29
105 Denis Ave N,32500,0.25
3110 18th St W Lot 13,32000,0.25
"Lehigh Acres, FL 33976",32900,0.25
3104 61st St W Lot 13,18000,0.25
3103 58th St W Lot 7,25000,0.25
4222 31st St E,17000,0.28
106 Genoa Ave S,19900,0.28
3421 57th St W,16999,0.25
2605 66th St W Lot 8,18000,0.25
3304 50th St W Lot 14,35000,0.25
3406 Gene Ave N,29000,0.26
3011 75th St W Lot 2,17500,0.25
2021 Roosevelt Ave Lot 24,19999,0.25
3204 52nd St W Lot 16,24900,0.25
137/139 Meadow Rd Lot 24,49900,0.28
507 W 10 St,27500,0.25
3211 12th St SW Lot 5,35000,0.25
1046 Countess Ave Lot 19,29000,0.29
700 Labrador Ave N,45000,0.26
3310 53rd St W Lot 12,23400,0.25
5904 Unice Ave N,20000,0.25
2903 26th St W Lot 9,26000,0.25
3500 74th St W Lot 9,15500,0.25
3100 54th St W Lot 9,25000,0.25
2902 54th St W,25000,0.25
860 Bancroft,25000,0.25
Corner Lot 24,27000,0.29
3300 E 23rd St Lot 1,19800,0.25
175 Ocean Park Dr Lot 2,35000,0.27
240-242 Woodburn Dr Lot 12,39900,0.29
Corner Lot 11,29000,0.25
763 Clancy St E Lot 15,30000,0.3
Corner Lot 10,29000,0.25
923 Alcalde St E Lot 11,20000,0.26
1831 Lodge St Lot 18,26000,0.29
2707 E 11th St Lot 13,25000,0.25
3207 E 13th St,20900,0.25
Corner Ave Lot Monroe and E 7th St,17500,0.25
325 Fitch Ave,22900,0.3
1002 W 14th St Lot 13,18900,0.25
2122 Polar Ave Lot 1,27000,0.29
9321 Buckingham Rd S Lot 5,31000,0.29
850 Haskell St E Lot 7,42500,0.26
3416 58th St W Lot 20,17800,0.25
787 Holmes Ave Lot 10,28900,0.28
2716 54th St SW,45000,0.25
2905 E 18th St,17000,0.25
917 Maywood Ave S Lot 6,20000,0.26
2502 64th St W Lot 10,18900,0.25
468 Norwood Ave S Lot 15,25000,0.26
3104 E 23rd St Lot 24,21900,0.25
860 Adler St E,26500,0.29
3600 48th St W Lot 11,19500,0.25
2602 62nd St W Lot 12,22500,0.25
3301 Sunshine Blvd Lot 20,35000,0.25
706 Delridge Ave S Lot 20,29500,0.26
1017 Asther St E Lot 8,20000,0.27
4648-4650 24th St SW Lot 29,39999,0.29
1606 W 18th St,41000,0.25
438 Westchester Dr,17000,0.28
301 Nagle Ct Lot 21,50000,0.28
2118 Jackson Ave Lot 16,20000,0.27
3218 37th St W Lot 20,26000,0.25
3705 Kessler St,46000,0.29
1881 Vintage Ave Lot 19,15900,0.27
"Lehigh Acres, FL 33971",15666,0.25
774 Kirkman Ave,17900,0.29
2500 73rd St W,21900,0.26
774 Kirkman Ave,17900,0.29
1861 Lindenwood Dr Lot 11,24900,0.29
228 Baize Ave S Lot 14,23000,0.26
3112 63rd St W,16000,0.25
2509 52nd St W Lot 11,25000,0.25
17 W 9th St Lot 1,24900,0.25
1016 Homestead Rd S,49800,0.29
2104 W 18th St,25900,0.25
1000 W 13th St,25000,0.25
1917 Mary Lee St Lot 11,18500,0.29
1884 Jacinto Ave Lot 7,21900,0.25
3812 38th St SW,26000,0.25
3216 54th St W Lot 12,18500,0.25
1011 Atherton Ave Lot 15,38000,0.25
2801 E 13th St Lot 12,16500,0.25
475 Windermere Dr Lot 14,30000,0.27
214 Victoria Ave S Lot 3,23000,0.27
629 Meadow Rd,59000,0.3
802 W 18th St Lot 2,17000,0.25
6049-6051 Laurelwood Dr Lot 12,55000,0.29
3308 51st St W,24000,0.25
3306 33rd St W,18000,0.27
3500 E 14th St,22500,0.25
3401 49th St W,24900,0.25
4001 34th St SW Lot 11,28999,0.25
2816 25th St SW,32000,0.26
4222 E 26th St Lot 11,16500,0.28
3806 36th St SW Lot 14,29999,0.25
1027 Bach St E Lot 8,23000,0.28
1886 Jacinto Ave,21900,0.26
4604 Loraine Ave S Lot 3,24900,0.25
3102 53rd St W Lot 10,25000,0.25
4407 E 6th St Lot 13,23000,0.25
211 Thornton Ave S Lot 1,27900,0.28
2716 63rd St W Lot 19,28500,0.25
828 Genoa Ave S Lot 1,17000,0.28
1251 Chrysler St Lot 10,25000,0.27
3211 15th St SW Lot 5,28000,0.27
3100 Leeland Heights Blvd Lot 1,20250,0.28
2702 52nd St W Lot 12,25000,0.25
3406 E 22nd St Lot 24,23500,0.25
Long Beach Dr Lot 13,39900,0.28
1235 Ecclesia St E Lot 1,25000,0.29
1051 Fayette Ave Lot 15,22000,0.25
1025 Sentinela Blvd Lot 21,17500,0.26
3503 37th St SW Lot 6,25000,0.25
3611 34th St SW,36000,0.25
4602 Loraine Ave S,34900,0.25
2501 16th St W Lot 10,48900,0.25
"Lehigh Acres, FL 33976",30000,0.25
2517 Jetridge St Lot 9,20000,0.25
1093 Eisenhower Blvd,25000,0.29
203 E 16th St Lot 12,20000,0.25
3613 18th St W Lot 4,30000,0.29
4705 Gene Ave S Lot 3,27900,0.25
2801 55th St W Lot 10,25000,0.25
302 Panorama Ave,39000,0.3
649 Whitmore Loop,24900,0.27
2800 E 10th St,23900,0.25
303 Yates Ave S Lot 1,30000,0.27
443 Jaipur Dr,22000,0.28
1019 Anderson St Lot 48,19900,0.26
Corner Lot,30000,0.26
431 Parkman Ave Lot 5,21000,0.26
2905 67th St W Lot 8,30000,0.25
3301 32nd St W Lot 14,25000,0.25
1965 Latham Dr Lot 1,18900,0.29
4303 E 23rd St Lot 12,18000,0.26
4741-4743 26th St SW Lot 6,89999,0.29
2105 W 18th St,26000,0.25
192 Victoria Ave S Lot 26,25000,0.27
1047 Dearborn St Lot 60,22500,0.29
1850 Norma Ct Lot 12,24000,0.3
3703 E 3rd St,16500,0.25
300 W 17th St Lot 11,24900,0.25
2122 Robert Ave Lot 1,25000,0.29
5327 Bywood St Lot 1,38900,0.29
2509 45th St W Lot 4,23000,0.25
1215 Ramus St E Lot 20,18000,0.27
1110 Ralph St Lot 2,17999,0.26
Bianca Ave S,22900,0.26
3207 48th St W Lot 9,17500,0.25
Corner Lot,41000,0.25
2437-2439 Joe Ave S Lot 10,89999,0.29
3504 61st St W,18990,0.25
633 Cane St E Lot 26,22997,0.25
1132 Graystone Ave,49800,0.29
"Lehigh Acres, FL 33972",16500,0.25
301 E 10th St Lot 12,26000,0.25
3201 48th St W,22900,0.25
3016 6th St W Lot 19,33000,0.25
873 Christy St E,20000,0.25
2512 55th St W Lot 13,20000,0.25
3101 E 9th St,23000,0.25
2714 63rd St W Lot 18,28500,0.25
937 W Elgin St,18000,0.25
3009 9th St W Lot 6,25000,0.25
1252 Count St E,30000,0.27
3307 40th St W Lot 7,22900,0.25
1229 Edelweiss St E,29900,0.25
232 Fowler Ave S Lot 19,22000,0.26
3119 48th St W Lot 3,16500,0.25
696 Ledge St Lot 6,18500,0.27
2803 E 9th St,19500,0.25
4889-4891 30th St SW Lot 22,89999,0.29
463 Latic Ave S Lot 5,15000,0.26
2919 24th St W,35000,0.25
3167 Sunshine Blvd Lot 16,30000,0.25
3003 33rd St W Lot 7,32000,0.25
1213 Ramus St E Lot 21,16000,0.27
1064 Alcalde St E Lot 20,19900,0.27
4204 E 21st St,18000,0.25
"Lehigh Acres, FL 33972",18000,0.27
1227 Raccoon St Lot 24,15900,0.27
534 Genoa Ave S,19900,0.26
2900 E 6th St Lot 1,35000,0.25
3219 58th St W Lot 8,16900,0.25
3203 E 22nd St Lot 12,21000,0.25
3317 50th St W Lot 3,17500,0.25
3601 E 17th St,20900,0.25
3404 19th St E Lot 24,17000,0.25
3315 13th St SW,28000,0.25
2801 42nd St W Lot 5,21500,0.25
2819 44th St W Lot 2,20000,0.25
715 LA Plata Ave Lot 3,17500,0.27
1251 Ecclesia St E,24000,0.25
1112 Sentinela Blvd Lot 4,17500,0.26
100 E 17th St,20000,0.25
2823 19th St SW Lot 1,24900,0.25
705 E 16th St Lot 13,15500,0.25
3603 65th St W,22900,0.25
3221 48th St W,20000,0.25
1912 Westboro Loop Lot 16,19500,0.29
1032 Alcalde St E Street St E,18000,0.27
3019 48th St W,27900,0.25
3909 4th St W Lot 6,30000,0.25
4682-4684 Golfview Blvd Lot 34,49900,0.27
4602 Ida Ave N Lot 2,30900,0.25
481 Labree Ave S Lot 3,25900,0.3
1202 Sunrise Blvd,19900,0.29
4219 E 30th St,25000,0.28
706 Ledge St Lot 4,14500,0.29
1254 Brunell Ave Lot 17,19500,0.25
2513 66th St W Lot 3,19900,0.25
5021-5023 Bauer St Lot 3,44500,0.27
490 Lemhurst Ave S Lot 15,49000,0.27
4600 Judy Ave N Lot 1,25000,0.25
1117 Ralph St,18000,0.26
2813 62nd St W Lot 4,16500,0.25
2508 61st St W Lot 13,20000,0.25
4407 E 13th St Lot 13,16100,0.25
3104 39th St W Lot 10,25000,0.25
1718 Hibiscus Ave Lot 1,18500,0.26
3305 E 21st St,25000,0.25
1400 W 18th St,22900,0.25
932 Alcala Ave,18000,0.28
205 Andalucia Ave S Lot 2,19400,0.26
1001 W 14th St Lot 24,24900,0.25
2807 39th St W Lot 7,24900,0.25
494 Lemhurst Ave S,36000,0.25
"Lehigh Acres, FL 33971",27000,0.28
764 Central St E Lot 13,30000,0.26
300 Ludlow Ave,19500,0.3
2405 E 14th St Lot 13,14500,0.25
5206 Anita Ave N,32000,0.25
4105 E 20th St,18000,0.25
3902 E 19th St Lot 1,19400,0.25
708 Godwid Ave S Lot 9,25900,0.26
1822 Honduras Loop Lot 11,14900,0.28
3506 E 21st St Lot 24,22900,0.25
1104 Hallmark Ave Lot 22,19000,0.26
206 Genoa Ave S Lot 3,16500,0.26
304 Lenz Ave,43000,0.28
3205 E 18th St,20000,0.25
209 Woodburn Dr,25000,0.3
159 Yager Cir Lot 3,35000,0.27
1107 Rachel St E Lot 12,18000,0.3
716 Chavers St Lot 4,25900,0.3
3211 36th St W Lot 5,32150,0.25
2025 Polar Ave,20000,0.29
3303 E 11th St Lot 12,19000,0.25
"Lehigh Acres, FL 33972",22000,0.25
2719 40th St W,24500,0.25
3201 3rd St SW Lot 10,29000,0.25
3306 40th St SW,40000,0.25
867 Chicago St E Lot 9,19500,0.27
2500 E 18th St,20000,0.25
3211 44th St W,35000,0.25
1220 Ramus St E Lot 6,15500,0.26
1149 Welland St E Lot 8,22000,0.29
765 Chambers St E Lot 14,30000,0.26
172 Brown Ave S Lot 12,19500,0.27
3203 Sunshine Blvd Lot 19,35000,0.25
1866 Mettler Ave Lot 1,18000,0.29
1726 Unice Ave N,25000,0.29
1243 Genoa Ave Lot 12,20000,0.28
237 Novia Ave S Lot 4,25000,0.26
3823 Helms Ct Lot 21,29900,0.29
2506 38th St W Lot 17,20000,0.25
2206 Christopher Ave N,37500,0.29
216 Columbus Ave Lot 13,14900,0.26
758 Fleming Ave S,38000,0.27
1255 Hathor St E Lot 10,24900,0.27
4101 E 17th St,22000,0.25
3515 63rd St W Lot 3,18500,0.25
3217 36th St SW Lot 2,24900,0.25
4007 E 19th St Lot 13,19500,0.25
204 Genoa Ave S Lot 2,16500,0.26
2711 43rd St W Lot 5,20000,0.25
1059 Baird St E,20000,0.28
3113 58th St W Lot 2,19000,0.25
460 Redwing St Lot 25,25000,0.26
843 Bianca Ave S Lot 2,21900,0.28
737 Chambers St E,24900,0.28
861-863 Meadow Rd Lot 17,54900,0.28
862 Charles Sise St E Lot 13,20000,0.29
101 W 9th St Lot 24,22900,0.25
6015 Sally Ave N,16999,0.26
3100 39th St W,19999,0.25
750 Dudley Ave S,34900,0.29
3607 4th St SW,27000,0.25
1129-1131 Ichabod Ave S Lot 8,44900,0.29
794 Ashley Rd Lot 15,22500,0.26
2604 14th St W Lot 13,28000,0.25
3706 E 9th St Lot 24,19500,0.25
2916 42nd St W Lot 19,19900,0.25
1200 W 11th St Lot 14,25000,0.25
129/131 Homer Ave S,41000,0.29
3311 37th St W,21000,0.25
736 Bobolink Ave Lot 1,25000,0.26
4603 Karen Ave S Lot 2,24900,0.25
1257 Buell Ave Lot 2,40000,0.29
4203 E 17th St Lot 12,20000,0.25
125 Bremen Ave S Lot 3,14500,0.28
1855 Miller St Lot 14,13500,0.26
4604-4606 29th St SW Lot 15,42500,0.29
1244 Devore St,18000,0.25
2518 27th St W Lot 20,25000,0.25
701 Dauphine Ave S,18400,0.25
2003 E 14th St Lot 12,17000,0.25
3800 11th St SW Lot 11,27900,0.25
734 Fleming Ave S Lot 11,23900,0.26
924 Alice Ct Lot 7,18900,0.27
2616 43rd St W,38000,0.25
2618 67th St W,39900,0.25
3408 62nd St W Lot 15,18000,0.25
3000 E 19th St,16970,0.25
863 Chicago St Lot 11,15000,0.26
3517 16th St SW Lot 3,22000,0.26
2802 Ann Ave N Lot 4,24900,0.25
2610 55th St SW Lot 16,19000,0.25
3217 65th St W,25000,0.25
6008 Laura Ave N Lot 2,16500,0.27
860 Kildare St E Lot 9,14450,0.27
2903 E 17th St,16200,0.25
714 Euston Ave S Lot 21,23000,0.27
300 Stonybrook Ave Lot 9,19995,0.3
3102 E 18th St,30000,0.25
469 Woodman Dr Lot 16,19900,0.28
2916 15th St W Lot 19,22900,0.28
3510 52nd St W Lot 18,12900,0.25
2023 Canton Ave Lot 24,22000,0.25
3900 37th St SW Lot 12,24900,0.25
228 Fowler Ave S Lot 21,14500,0.26
3200 51st St W Lot 14,14450,0.25
3318 20th St W Lot 20,25900,0.25
3203 E 11th St,13500,0.25
2605 42nd St SW,30500,0.25
55 Douglas Ave S,25450,0.26
2514 53rd St SW Lot 18,19900,0.25
220 McArthur Blvd,16000,0.29
1602 E 15th St Lot 1,16900,0.25
131 Carey Ave S Lot 6,17000,0.29
3804 11th St SW Lot 13,25000,0.25
843 Fuller Ave S,25000,0.27
3400 13th St W,27750,0.29
3100 E 7th St Lot 1,19000,0.25
2511 45th St W,20000,0.25
3507 Sunshine Blvd Lot 34,19000,0.28
4202 13th St SW Lot 12,26900,0.25
3114 10th St SW Lot 16,23900,0.25
2701 45th St W,16000,0.25
2613 59th St W Lot 5,16000,0.25
4001 E 18th St,25500,0.25
916 Sara Ave N Lot 2,29500,0.29
3617 8th St SW Lot 2,21500,0.25
800 E 14th St Lot 1,19900,0.25
3217 51st St W Lot 3,15500,0.25
2920 8th St SW Lot 13,24500,0.25
369 Woodburn Dr Lot 8,31500,0.29
6113 Higgins Ave,35000,0.26
3405 E 18th St,22000,0.25
935 Panda Dr Lot 18,22900,0.26
3802 E 15th St Lot 1,25000,0.25
2515 Sunniland Blvd Lot 21,26900,0.3
2918 11th St W Lot 20,24500,0.25
3609 1st St SW,25000,0.25
3414 8th St SW Lot 13,22500,0.25
2719 52nd St W,18500,0.25
3122 8th St SW Lot 14,23500,0.25
301 E 17th St Lot 10,16500,0.25
725 Bedford Point Ave,31000,0.25
3202 32nd St W Lot 12,24900,0.25
2708 41st St W,19777,0.25
3908 5th St W Lot 15,27500,0.25
640 Genoa Ave S Lot 4,21500,0.28
2706 6th St W Lot 14,25000,0.25
1006 E 14th St Lot 24,16900,0.25
2709 22nd St W,25500,0.25
1941 Marlay Ave Lot 8,22500,0.3
1238 Randolph St Lot 6,15900,0.26
2904 38th St W Lot 9,45000,0.25
2901 E 11th St,20000,0.25
2614 44th St W Lot 18,22000,0.25
303 E 15th St,18500,0.25
1307 E 6th St Lot 14,19900,0.25
103 Denis Ave N,22000,0.25
2914 3rd St SW Lot 9,19900,0.25
2023 Wanda Ave N,20500,0.3
833 Harbour Ave S Lot 1,19900,0.26
2906 37th St W Lot 10,19500,0.25
3201 38th St W Lot 10,15000,0.25
3314 31st St W Lot 3,25000,0.25
2611 33rd St W,20000,0.25
932 Broad St E Lot 2,18000,0.26
3008 19th St W,24900,0.26
2601 11th St W Lot 10,26999,0.25
2500 23rd St W Lot 11,20000,0.25
2605 33rd St W Lot 8,22000,0.25
2910 43rd St W Lot 16,18000,0.25
2603 27th St W Lot 9,19900,0.25
3212 41st St W Lot 17,18000,0.25
2808 41st St W Lot 15,22000,0.25
1701 McKinley Ave Lot 10,16900,0.29
2721 42nd St W Lot 6,18000,0.25
3111 37th St W Lot 2,19999,0.25
3014 41st St W Lot 17,19000,0.25
528 S Parker Ave,14000,0.25
226 Lausanne Ave Lot 22,18900,0.28
1122 Pisa St E Lot 10,25000,0.27
1026 Merry St E Lot 2,22000,0.26
2717 20th St W Lot 2,24900,0.25
2811 23rd St W Lot 5,22500,0.25
253-255 Grant Blvd Lot 21,39900,0.25
2253 8th Ter Lot 3,39450,0.3
3308 43rd St W Lot 15,19000,0.25
317 Dill Ave Lot 8,20000,0.25
2817 54th St W Lot 2,18450,0.25
2915 70th St W Lot 1,18000,0.25
3505 74th St W Lot 6,14950,0.25
875 Porter St E Lot 13,20000,0.26
3109 40th St W Lot 3,22000,0.25
229 Baize Ave S Lot 7,16000,0.26
1919 Walcott Loop Lot 5,15000,0.28
3708 35th St SW,25900,0.25
812 Nimitz Blvd,29995,0.27
3003 70th St W Lot 6,22000,0.25
3307 6th St SW Lot 7,35000,0.25
3505 E 2nd St Lot 13,18000,0.25
3207 E 15th St Lot 13,20000,0.25
2603 19th St W Lot 9,24900,0.25
3215 31st St W Lot 9,25900,0.25
3600 Irma Ave N Lot 7,18500,0.25
3302 44th St W Lot 12,18000,0.25
2714 42nd St W Lot 18,29990,0.25
3109 46th St W Lot 3,17500,0.25
2908 Elaine Ave N Lot 8,25000,0.28
1113 Ralph St Lot 14,20000,0.25
3111 40th St W Lot 2,22000,0.25
1217 Cellini St E,19000,0.25
2819 18th St SW Lot 1,35000,0.25
432 Jourferie Rd Lot 6,24500,0.27
4404 E 14th St,24995,0.25
403/405 Bell Blvd S Lot 15,55000,0.27
1903 Colonial Ave N Lot 2,35000,0.29
347 Pinafore Ave Lot 6,29000,0.27
1021 Sentinela Blvd,24900,0.26
2100 W 11th St Lot 140,17500,0.25
1804 Crawford Ave N Lot 1,27000,0.29
352 Genoa Ave S Lot 14,17500,0.25
2706 E 14th St Lot 24,14500,0.25
3738 Kemper St Lot 6,35000,0.3
1904 Crawford Ave N Lot 3,25900,0.29
2700 71st St W Lot 11,14900,0.25
4313 Douglas Ln,25450,0.26
1802 Crawford Ave N Lot 2,27000,0.29
1034 Anthony St E Lot 21,15000,0.26
912 Rita Ave N Lot 5,25000,0.29
3209 36th St SW Lot 6,22500,0.25
1064 Genoa Ave S Lot 14,18900,0.26
3210 29th St W Lot 15,25900,0.25
3201 53rd St W Lot 13,18500,0.25
359 Chalet Ave S Lot 15,35000,0.3
3004 2nd St W Lot 14,29900,0.25
2914 71st St W Lot 16,27000,0.25
737 Dundee St E Lot 15,25000,0.26
"Lehigh Acres, FL 33972",40000,0.25
5432 Benton Ave Lot 1,47000,0.25
3507 50th St W Lot 10,25000,0.25
1020-1022 Bell Blvd S Lot 7,69900,0.28
495 Greenbriar Blvd Lot 10,18900,0.29
3110 74th St W Lot 13,19900,0.25
867 Clow St E,40000,0.25
869 Clow St E,40000,0.25
412-414 Charwood Ave S Lot 14,45900,0.3
3205 33rd St SW Lot 8,35000,0.25
491 S Willowbrook Dr Lot 9,20000,0.28
489 Willowbrook Dr Lot 9,20000,0.28
105 Sunrise Ct Lot 9,17000,0.25
1028 Milwaukee Blvd Lot 7,18900,0.26
3305 71st St W Lot 8,22900,0.25
3206 34th St SW Lot 13,70000,0.25
3905 E 7th St Lot 13,16000,0.25
1043 Belmont St E Lot 12,18000,0.26
4219 E 26th St Lot 19,30000,0.28
2604 Fitch Ave Lot 27,39500,0.3
202 E 13th St Lot 1,18900,0.25
501 Prospect Ave Lot 13,24000,0.25
1807 W 17th St Lot 1,19999,0.25
315 Nagle Ct Lot 14,18900,0.28
2521 55th St W Lot 2,21900,0.25
1148 Randolph St E Lot 11,16000,0.25
3213 51st St W Lot 5,19900,0.25
747 Spaulding St E Lot 2,25000,0.26
2600 E 15th St Lot 1,16000,0.25
2908 49th St W Lot 15,28000,0.25
3100 42nd St W Lot 8,28000,0.25
3103 39th St W Lot 6,22000,0.25
802 Fullerton Ave S Lot 14,28000,0.25
3714 7th St W Lot 3,25000,0.27
